keyword,category,priority
how to choose a solar company,Solar Contractor Selection,high
solar installer reviews what to look for,Solar Contractor Selection,high
how to get solar quotes,Solar Contractor Selection,high
comparing solar bids what to look for,Solar Contractor Selection,high
red flags when hiring solar installer,Solar Contractor Selection,high
is my solar installer legit,Solar Contractor Selection,high
solar company certifications NABCEP,Solar Contractor Selection,high
solar installer warranty what is covered,Solar Contractor Selection,medium
questions to ask solar companies,Solar Contractor Selection,high
local vs national solar company pros cons,Solar Contractor Selection,medium
how long does solar installation take,Solar Contractor Selection,medium
solar installer background check tips,Solar Contractor Selection,medium
how many solar bids should I get,Solar Contractor Selection,medium
solar salesperson tactics to avoid,Solar Contractor Selection,low
solar contract what to review before signing,Solar Contractor Selection,high
solar panels for existing homes,Solar for Home Types,high
solar panels for new construction homes,Solar for Home Types,high
solar for mobile homes and manufactured housing,Solar for Home Types,high
can condos get solar panels,Solar for Home Types,high
solar for townhouses,Solar for Home Types,medium
solar for small houses under 1000 sq ft,Solar for Home Types,medium
solar for large homes over 3000 sq ft,Solar for Home Types,medium
solar for flat roof homes,Solar for Home Types,high
solar for metal roof installation,Solar for Home Types,medium
solar for tile roof installation,Solar for Home Types,medium
solar for shingle roof cost,Solar for Home Types,medium
solar panels for old homes 1950s 1960s,Solar for Home Types,medium
solar for historic homes restrictions,Solar for Home Types,low
solar for rental property landlord,Solar for Home Types,medium
solar for vacation home or cabin,Solar for Home Types,medium
solar for two story home,Solar for Home Types,low
best roof type for solar panels,Solar for Home Types,high
solar on north facing roof worth it,Solar for Home Types,medium
solar for home with trees and shade,Solar for Home Types,high
how old does roof need to be for solar,Solar for Home Types,medium
HOA solar panel rules,Solar Permits & HOA,high
can HOA deny solar panels,Solar Permits & HOA,high
solar panel permit process explained,Solar Permits & HOA,high
how long does solar permit take,Solar Permits & HOA,medium
solar permits by state requirements,Solar Permits & HOA,medium
HOA solar approval letter template,Solar Permits & HOA,medium
solar easement laws by state,Solar Permits & HOA,medium
right to solar law explained,Solar Permits & HOA,high
fighting HOA solar panel denial,Solar Permits & HOA,medium
city solar permit fees,Solar Permits & HOA,low
interconnection agreement utility what it means,Solar Permits & HOA,medium
utility interconnection timeline solar,Solar Permits & HOA,medium
AHJ approval for solar what is it,Solar Permits & HOA,low
deed restrictions and solar panels,Solar Permits & HOA,low
solar inspection what to expect,Solar Permits & HOA,medium
DIY solar panel installation guide,DIY Solar,high
can I install solar panels myself,DIY Solar,high
DIY solar kit recommendations,DIY Solar,high
off grid solar DIY setup,DIY Solar,high
DIY solar for tiny home,DIY Solar,high
DIY solar for shed or outbuilding,DIY Solar,high
DIY solar for RV or camper,DIY Solar,medium
solar wiring diagram for home,DIY Solar,medium
how to mount solar panels on roof DIY,DIY Solar,medium
DIY solar ground mount installation,DIY Solar,medium
DIY solar panel system sizing,DIY Solar,high
DIY solar with battery storage,DIY Solar,medium
cheapest way to go solar DIY,DIY Solar,high
solar microinverter vs string inverter DIY,DIY Solar,medium
DIY solar legal requirements,DIY Solar,medium
DIY solar safety tips,DIY Solar,low
best solar panels for DIY installation,DIY Solar,medium
DIY solar return on investment,DIY Solar,medium
solar + EV charging home setup,Solar and EV Charging,high
can solar power charge an electric car,Solar and EV Charging,high
how many solar panels to charge EV,Solar and EV Charging,high
solar powered EV charging station home,Solar and EV Charging,high
best EV charger for solar home,Solar and EV Charging,high
bidirectional EV charging with solar,Solar and EV Charging,medium
V2H vehicle to home solar explained,Solar and EV Charging,medium
solar EV charging cost savings,Solar and EV Charging,high
how to size solar system for EV,Solar and EV Charging,high
Tesla powerwall and EV charging together,Solar and EV Charging,medium
Ford F-150 Lightning home backup solar,Solar and EV Charging,medium
solar carport with EV charging,Solar and EV Charging,medium
off peak charging vs solar charging EV,Solar and EV Charging,low
solar + EV tax credits combined,Solar and EV Charging,high
time of use rates solar and EV optimization,Solar and EV Charging,medium
off grid solar system for home complete guide,Off-Grid & Backup Power,high
how to go completely off grid solar,Off-Grid & Backup Power,high
how much battery storage for off grid home,Off-Grid & Backup Power,high
off grid solar system cost breakdown,Off-Grid & Backup Power,high
best batteries for off grid solar,Off-Grid & Backup Power,high
off grid solar vs grid tied comparison,Off-Grid & Backup Power,high
solar backup power during outage,Off-Grid & Backup Power,high
whole home solar backup system,Off-Grid & Backup Power,high
generator vs solar battery backup,Off-Grid & Backup Power,high
how long does solar battery last during outage,Off-Grid & Backup Power,high
Tesla powerwall cost and review 2026,Off-Grid & Backup Power,high
Enphase IQ battery review,Off-Grid & Backup Power,medium
LG Chem RESU battery review,Off-Grid & Backup Power,medium
Franklin Whole Home Battery review,Off-Grid & Backup Power,medium
solar battery size calculator,Off-Grid & Backup Power,high
critical loads panel solar backup,Off-Grid & Backup Power,medium
off grid solar for remote cabin,Off-Grid & Backup Power,high
solar + propane backup hybrid system,Off-Grid & Backup Power,low
off grid solar minimum system requirements,Off-Grid & Backup Power,medium
FEMA solar backup for hurricane preparedness,Off-Grid & Backup Power,low
solar monitoring apps best reviewed,Solar Monitoring & Apps,high
how to monitor solar panel output,Solar Monitoring & Apps,high
solar production data how to read,Solar Monitoring & Apps,medium
Enphase enlighten app guide,Solar Monitoring & Apps,medium
SolarEdge monitoring platform review,Solar Monitoring & Apps,medium
why is my solar production low today,Solar Monitoring & Apps,high
solar monitoring alert setup,Solar Monitoring & Apps,medium
third party solar monitoring options,Solar Monitoring & Apps,low
solar inverter display readings explained,Solar Monitoring & Apps,medium
track solar savings monthly guide,Solar Monitoring & Apps,medium
solar performance ratio what it means,Solar Monitoring & Apps,low
best solar monitoring for off grid,Solar Monitoring & Apps,medium
solar production vs consumption tracking,Solar Monitoring & Apps,medium
home energy management system solar,Solar Monitoring & Apps,medium
shading loss monitoring solar,Solar Monitoring & Apps,low
solar panel cleaning how often needed,Solar Maintenance & Troubleshooting,high
how to clean solar panels safely,Solar Maintenance & Troubleshooting,high
solar panel maintenance checklist,Solar Maintenance & Troubleshooting,high
do solar panels need maintenance,Solar Maintenance & Troubleshooting,high
solar panel degradation rate explained,Solar Maintenance & Troubleshooting,medium
how long do solar panels last,Solar Maintenance & Troubleshooting,high
solar panel inspection what to check,Solar Maintenance & Troubleshooting,medium
solar inverter troubleshooting guide,Solar Maintenance & Troubleshooting,high
solar inverter error codes meaning,Solar Maintenance & Troubleshooting,medium
my solar panels stopped working what to do,Solar Maintenance & Troubleshooting,high
solar panel cracked what to do,Solar Maintenance & Troubleshooting,medium
solar panel hot spot problem fix,Solar Maintenance & Troubleshooting,medium
solar bird proofing and critter guard,Solar Maintenance & Troubleshooting,medium
solar panel snow removal guide,Solar Maintenance & Troubleshooting,medium
hail damage solar panels insurance claim,Solar Maintenance & Troubleshooting,high
solar panel warranty claim process,Solar Maintenance & Troubleshooting,medium
when to replace solar panels,Solar Maintenance & Troubleshooting,medium
solar panel performance test DIY,Solar Maintenance & Troubleshooting,low
blown fuse solar system fix,Solar Maintenance & Troubleshooting,low
solar microinverter failure signs,Solar Maintenance & Troubleshooting,medium
solar system not producing at night fix,Solar Maintenance & Troubleshooting,low
solar panels in winter performance,Solar Maintenance & Troubleshooting,medium
do solar panels work on cloudy days,Solar Maintenance & Troubleshooting,high
solar system monitoring after installation,Solar Maintenance & Troubleshooting,medium
how to maximize solar panel output,Solar Maintenance & Troubleshooting,medium
solar panels for low income homeowners programs,Solar Access & Community,high
community solar how it works,Solar Access & Community,high
community solar vs rooftop solar,Solar Access & Community,high
solar for renters options,Solar Access & Community,high
shared solar program sign up,Solar Access & Community,medium
low income solar programs by state,Solar Access & Community,high
LIHEAP solar assistance program,Solar Access & Community,medium
solar for apartment dwellers,Solar Access & Community,medium
solar garden subscription what is it,Solar Access & Community,medium
group solar buying program explained,Solar Access & Community,low
free solar panels programs real or scam,Solar Access & Community,high
nonprofit solar programs,Solar Access & Community,low
solar for senior citizens on fixed income,Solar Access & Community,medium
tribal land solar programs,Solar Access & Community,low
rural solar programs USDA,Solar Access & Community,medium
solar system design software free,Solar Planning Tools,medium
PVWatts calculator how to use,Solar Planning Tools,medium
solar panel angle calculator by zip code,Solar Planning Tools,medium
how to calculate solar system size for home,Solar Planning Tools,high
solar roof quote online tools reviewed,Solar Planning Tools,medium
Aurora Solar review for homeowners,Solar Planning Tools,low
Google Sunroof accuracy review,Solar Planning Tools,medium
solar production estimate how accurate,Solar Planning Tools,medium
how to read a solar proposal,Solar Planning Tools,high
solar agreement types PPA vs loan vs lease,Solar Planning Tools,high
what is a solar feasibility study,Solar Planning Tools,low
shade analysis tool for solar,Solar Planning Tools,medium
best zip codes for solar investment,Solar Planning Tools,low
solar production guarantee what it means,Solar Planning Tools,medium
solar system design considerations list,Solar Planning Tools,medium
net metering explained simply,Solar Policy & Utility Issues,high
net metering rates by state 2026,Solar Policy & Utility Issues,high
utility buyback rate for solar,Solar Policy & Utility Issues,high
time of use rate solar optimization,Solar Policy & Utility Issues,medium
solar interconnection problems with utility,Solar Policy & Utility Issues,medium
utility refusing solar interconnection,Solar Policy & Utility Issues,medium
net metering changes threatening solar ROI,Solar Policy & Utility Issues,medium
NEM 3.0 California explained,Solar Policy & Utility Issues,high
solar export limit utility rule,Solar Policy & Utility Issues,low
best utility companies for solar,Solar Policy & Utility Issues,medium
worst states for solar net metering,Solar Policy & Utility Issues,medium
solar and utility bill still high why,Solar Policy & Utility Issues,high
demand charges solar homes explained,Solar Policy & Utility Issues,low
grid modernization impact on solar,Solar Policy & Utility Issues,low
fixed charges solar customers utility,Solar Policy & Utility Issues,low
solar panel brands comparison 2026,Solar Equipment Deep Dives,high
monocrystalline vs polycrystalline panels,Solar Equipment Deep Dives,high
best solar inverter brands reviewed,Solar Equipment Deep Dives,high
microinverter vs string inverter comparison,Solar Equipment Deep Dives,high
power optimizers worth the cost,Solar Equipment Deep Dives,medium
SunPower solar panels review,Solar Equipment Deep Dives,medium
REC Alpha solar panel review,Solar Equipment Deep Dives,medium
Panasonic EverVolt solar panel review,Solar Equipment Deep Dives,medium
solar panel efficiency ratings explained,Solar Equipment Deep Dives,high
bifacial solar panels explained,Solar Equipment Deep Dives,medium
solar panel temperature coefficient explained,Solar Equipment Deep Dives,low
string inverter sizing guide,Solar Equipment Deep Dives,medium
rapid shutdown requirements solar 2026,Solar Equipment Deep Dives,medium
solar conduit and wiring materials guide,Solar Equipment Deep Dives,low
combiner box solar system explained,Solar Equipment Deep Dives,low
do solar panels work on a north facing roof,Will Solar Work,high
do solar panels work in winter,Will Solar Work,high
do solar panels work in snow,Will Solar Work,medium
why are my solar panels not producing power,Solar Troubleshooting,high
why is my electric bill still high with solar,Solar Troubleshooting,high
how many solar panels to power a 2000 sq ft house,Solar Sizing,high
how many solar panels to run a refrigerator,Solar Sizing,medium
can solar panels power a whole house,Solar Sizing,medium
